Sample ID,Predicted,Actual
253-3,48.350074656173796,46.349851099999995
252-1,48.21932385144203,47.1688976
254-2,52.09040285688046,47.4996176
253-2,47.11720677227119,48.97645745
254-3,49.796177625709035,45.3128653
253-1,50.767163711152925,48.2354248
252-3,47.82423954586981,49.7174901
254-1,47.79850827130804,48.649384100000006
252-2,50.360507111451575,47.1688976
