Sample ID,Predicted,Actual
253-3,38.83416794420174,46.349851099999995
252-1,38.825381560300364,47.1688976
254-2,48.036728621650234,47.4996176
253-2,37.600433778334,48.97645745
254-3,42.313994092027514,45.3128653
253-1,43.60928489169548,48.2354248
252-3,39.10712172521052,49.7174901
254-1,39.14254352861098,48.649384100000006
252-2,43.83197881739656,47.1688976
